,CIRCUITO,NOMBRE CIRCUITO,PARTIDO,CANTIDAD DE VOTOS,CANTIDAD DE VOTOS POR CIRCUITO,PORCENTAJE DE VOTOS DEL CIRCUITO,CIRCUITO_NUEVO
0,1,SECCIONAL PRIMERA,UNIÓN CÍVICA RADICAL,1053,10328,0.1019558482,0001
1,1,SECCIONAL PRIMERA,HACEMOS POR CORDOBA,4059,10328,0.3930092951,0001
2,1,SECCIONAL PRIMERA,CORDOBA CAMBIA,2999,10328,0.2903756778,0001
3,2,SECCIONAL SEGUNDA,UNIÓN CÍVICA RADICAL,412,3703,0.1112611396,0002
4,2,SECCIONAL SEGUNDA,HACEMOS POR CORDOBA,1482,3703,0.400216041,0002
5,2,SECCIONAL SEGUNDA,CORDOBA CAMBIA,1006,3703,0.2716716176,0002
6,3,SECCIONAL TERCERA,UNIÓN CÍVICA RADICAL,1361,13393,0.1016202494,0003
7,3,SECCIONAL TERCERA,HACEMOS POR CORDOBA,5295,13393,0.3953557829,0003
8,3,SECCIONAL TERCERA,CORDOBA CAMBIA,3604,13393,0.2690957963,0003
9,4,NUEVA CÓRDOBA,UNIÓN CÍVICA RADICAL,1179,13643,0.08641794327,0004
10,4,NUEVA CÓRDOBA,HACEMOS POR CORDOBA,5246,13643,0.3845195338,0004
11,4,NUEVA CÓRDOBA,CORDOBA CAMBIA,4169,13643,0.3055779521,0004
12,4A,PUERTO LAS FLORES,UNIÓN CÍVICA RADICAL,1334,12499,0.1067285383,004A
13,4A,PUERTO LAS FLORES,HACEMOS POR CORDOBA,5693,12499,0.4554764381,004A
14,4A,PUERTO LAS FLORES,CORDOBA CAMBIA,3010,12499,0.2408192655,004A
15,4B,VILLA REVOL,UNIÓN CÍVICA RADICAL,987,10868,0.09081707766,004B
16,4B,VILLA REVOL,HACEMOS POR CORDOBA,4392,10868,0.4041221936,004B
17,4B,VILLA REVOL,CORDOBA CAMBIA,3197,10868,0.29416636,004B
18,4C,INAUDI,UNIÓN CÍVICA RADICAL,312,3546,0.08798646362,004C
19,4C,INAUDI,HACEMOS POR CORDOBA,1738,3546,0.4901297236,004C
20,4C,INAUDI,CORDOBA CAMBIA,746,3546,0.2103778906,004C
21,4D,VILLA EUCARISTICA,UNIÓN CÍVICA RADICAL,128,1952,0.06557377049,004D
22,4D,VILLA EUCARISTICA,HACEMOS POR CORDOBA,668,1952,0.3422131148,004D
23,4D,VILLA EUCARISTICA,CORDOBA CAMBIA,639,1952,0.3273565574,004D
24,4E,NUESTRO HOGAR III,UNIÓN CÍVICA RADICAL,153,1688,0.09063981043,004E
25,4E,NUESTRO HOGAR III,HACEMOS POR CORDOBA,1112,1688,0.6587677725,004E
26,4E,NUESTRO HOGAR III,CORDOBA CAMBIA,204,1688,0.1208530806,004E
27,4F,CIUDAD OBISPO ANGELELLI,UNIÓN CÍVICA RADICAL,129,1817,0.0709961475,004F
28,4F,CIUDAD OBISPO ANGELELLI,HACEMOS POR CORDOBA,1386,1817,0.7627958173,004F
29,4F,CIUDAD OBISPO ANGELELLI,CORDOBA CAMBIA,132,1817,0.07264722069,004F
30,5,ALTAMIRA,UNIÓN CÍVICA RADICAL,954,9391,0.1015866255,0005
31,5,ALTAMIRA,HACEMOS POR CORDOBA,4916,9391,0.5234799276,0005
32,5,ALTAMIRA,CORDOBA CAMBIA,1933,9391,0.2058353743,0005
33,5A,COLONIA LOLA,UNIÓN CÍVICA RADICAL,297,3547,0.08373273189,005A
34,5A,COLONIA LOLA,HACEMOS POR CORDOBA,2483,3547,0.7000281928,005A
35,5A,COLONIA LOLA,CORDOBA CAMBIA,385,3547,0.1085424302,005A
36,5B,DEAN FUNES,UNIÓN CÍVICA RADICAL,157,1369,0.1146822498,005B
37,5B,DEAN FUNES,HACEMOS POR CORDOBA,612,1369,0.4470416362,005B
38,5B,DEAN FUNES,CORDOBA CAMBIA,326,1369,0.2381300219,005B
39,5C,EMPALME,UNIÓN CÍVICA RADICAL,1324,12371,0.1070244928,005C
40,5C,EMPALME,HACEMOS POR CORDOBA,6340,12371,0.5124888853,005C
41,5C,EMPALME,CORDOBA CAMBIA,2572,12371,0.2079055856,005C
42,5D,MALDONADO,UNIÓN CÍVICA RADICAL,688,7207,0.09546274455,005D
43,5D,MALDONADO,HACEMOS POR CORDOBA,4911,7207,0.6814208408,005D
44,5D,MALDONADO,CORDOBA CAMBIA,770,7207,0.1068405717,005D
45,5E,VILLA BUSTOS,UNIÓN CÍVICA RADICAL,254,2707,0.09383080901,005E
46,5E,VILLA BUSTOS,HACEMOS POR CORDOBA,1774,2707,0.6553380126,005E
47,5E,VILLA BUSTOS,CORDOBA CAMBIA,325,2707,0.120059106,005E
48,5F,RENACIMIENTO,UNIÓN CÍVICA RADICAL,215,3023,0.07112140258,005F
49,5F,RENACIMIENTO,HACEMOS POR CORDOBA,2226,3023,0.7363546146,005F
50,5F,RENACIMIENTO,CORDOBA CAMBIA,229,3023,0.07575256368,005F
51,5G,SAN VICENTE,UNIÓN CÍVICA RADICAL,1051,9997,0.1051315395,005G
52,5G,SAN VICENTE,HACEMOS POR CORDOBA,4845,9997,0.4846453936,005G
53,5G,SAN VICENTE,CORDOBA CAMBIA,2322,9997,0.2322696809,005G
54,5H,VILLA BOEDO,UNIÓN CÍVICA RADICAL,54,1207,0.04473902237,005H
55,5H,VILLA BOEDO,HACEMOS POR CORDOBA,960,1207,0.7953603977,005H
56,5H,VILLA BOEDO,CORDOBA CAMBIA,74,1207,0.06130903065,005H
57,5I,COLINAS DEL SUR,UNIÓN CÍVICA RADICAL,286,3378,0.08466548253,005I
58,5I,COLINAS DEL SUR,HACEMOS POR CORDOBA,2284,3378,0.6761397276,005I
59,5I,COLINAS DEL SUR,CORDOBA CAMBIA,387,3378,0.1145648313,005I
60,6,ALTO GRAL PAZ,UNIÓN CÍVICA RADICAL,313,3358,0.09321024419,0006
61,6,ALTO GRAL PAZ,HACEMOS POR CORDOBA,1773,3358,0.5279928529,0006
62,6,ALTO GRAL PAZ,CORDOBA CAMBIA,707,3358,0.2105419893,0006
63,6A,BAJADA DE PIEDRA,UNIÓN CÍVICA RADICAL,14,147,0.09523809524,006A
64,6A,BAJADA DE PIEDRA,HACEMOS POR CORDOBA,90,147,0.612244898,006A
65,6A,BAJADA DE PIEDRA,CORDOBA CAMBIA,25,147,0.1700680272,006A
66,6B,CHACRA DE LA MERCED,UNIÓN CÍVICA RADICAL,14,151,0.09271523179,006B
67,6B,CHACRA DE LA MERCED,HACEMOS POR CORDOBA,105,151,0.6953642384,006B
68,6B,CHACRA DE LA MERCED,CORDOBA CAMBIA,16,151,0.1059602649,006B
69,6C,GRAL PAZ,UNIÓN CÍVICA RADICAL,775,8395,0.09231685527,006C
70,6C,GRAL PAZ,HACEMOS POR CORDOBA,3316,8395,0.394997022,006C
71,6C,GRAL PAZ,CORDOBA CAMBIA,2559,8395,0.3048243002,006C
72,6D,JUNIORS,UNIÓN CÍVICA RADICAL,406,5032,0.0806836248,006D
73,6D,JUNIORS,HACEMOS POR CORDOBA,2111,5032,0.4195151033,006D
74,6D,JUNIORS,CORDOBA CAMBIA,1535,5032,0.3050476948,006D
75,6E,LA FLORESTA SUD,UNIÓN CÍVICA RADICAL,73,1489,0.04902619208,006E
76,6E,LA FLORESTA SUD,HACEMOS POR CORDOBA,1183,1489,0.7944929483,006E
77,6E,LA FLORESTA SUD,CORDOBA CAMBIA,111,1489,0.07454667562,006E
78,6F,YAPEYU,UNIÓN CÍVICA RADICAL,404,5262,0.07677689092,006F
79,6F,YAPEYU,HACEMOS POR CORDOBA,3339,5262,0.6345496009,006F
80,6F,YAPEYU,CORDOBA CAMBIA,798,5262,0.1516533637,006F
81,7,AEROPUERTO,UNIÓN CÍVICA RADICAL,5,62,0.08064516129,0007
82,7,AEROPUERTO,HACEMOS POR CORDOBA,39,62,0.6290322581,0007
83,7,AEROPUERTO,CORDOBA CAMBIA,13,62,0.2096774194,0007
84,7A,GUIÑAZU,UNIÓN CÍVICA RADICAL,350,4395,0.07963594994,007A
85,7A,GUIÑAZU,HACEMOS POR CORDOBA,2884,4395,0.6562002275,007A
86,7A,GUIÑAZU,CORDOBA CAMBIA,622,4395,0.1415244596,007A
87,7B,ALTA CORDOBA,UNIÓN CÍVICA RADICAL,1527,15215,0.1003614854,007B
88,7B,ALTA CORDOBA,HACEMOS POR CORDOBA,6979,15215,0.4586920802,007B
89,7B,ALTA CORDOBA,CORDOBA CAMBIA,3760,15215,0.2471245481,007B
90,7C,CNO. A PAJAS BLANCAS,UNIÓN CÍVICA RADICAL,0,11,0.0,007C
91,7C,CNO. A PAJAS BLANCAS,HACEMOS POR CORDOBA,5,11,0.4545454545,007C
92,7C,CNO. A PAJAS BLANCAS,CORDOBA CAMBIA,5,11,0.4545454545,007C
93,7D,COFICO,UNIÓN CÍVICA RADICAL,575,6375,0.09019607843,007D
94,7D,COFICO,HACEMOS POR CORDOBA,2456,6375,0.385254902,007D
95,7D,COFICO,CORDOBA CAMBIA,1929,6375,0.3025882353,007D
96,7E,MARQUES DE SOBREMONTE,UNIÓN CÍVICA RADICAL,1148,11423,0.1004989933,007E
97,7E,MARQUES DE SOBREMONTE,HACEMOS POR CORDOBA,5683,11423,0.4975050337,007E
98,7E,MARQUES DE SOBREMONTE,CORDOBA CAMBIA,2633,11423,0.2304998687,007E
99,7F,JORGE NEWBERY,UNIÓN CÍVICA RADICAL,518,5587,0.09271523179,007F
100,7F,JORGE NEWBERY,HACEMOS POR CORDOBA,3171,5587,0.5675675676,007F
101,7F,JORGE NEWBERY,CORDOBA CAMBIA,1076,5587,0.1925899409,007F
102,7G,PANAMERICANO,UNIÓN CÍVICA RADICAL,870,8505,0.102292769,007G
103,7G,PANAMERICANO,HACEMOS POR CORDOBA,4713,8505,0.5541446208,007G
104,7G,PANAMERICANO,CORDOBA CAMBIA,1594,8505,0.1874191652,007G
105,8,LA FLORESTA NORTE,UNIÓN CÍVICA RADICAL,34,439,0.07744874715,0008
106,8,LA FLORESTA NORTE,HACEMOS POR CORDOBA,291,439,0.6628701595,0008
107,8,LA FLORESTA NORTE,CORDOBA CAMBIA,54,439,0.1230068337,0008
108,8A,PALMAR,UNIÓN CÍVICA RADICAL,265,2753,0.09625862695,008A
109,8A,PALMAR,HACEMOS POR CORDOBA,1701,2753,0.617871413,008A
110,8A,PALMAR,CORDOBA CAMBIA,411,2753,0.1492916818,008A
111,8B,PUEYRREDON,UNIÓN CÍVICA RADICAL,1205,12617,0.09550606325,008B
112,8B,PUEYRREDON,HACEMOS POR CORDOBA,6242,12617,0.4947293334,008B
113,8B,PUEYRREDON,CORDOBA CAMBIA,2958,12617,0.2344455893,008B
114,8C,VILLA LOS PINOS,UNIÓN CÍVICA RADICAL,765,5578,0.1371459304,008C
115,8C,VILLA LOS PINOS,HACEMOS POR CORDOBA,2919,5578,0.5233058444,008C
116,8C,VILLA LOS PINOS,CORDOBA CAMBIA,1052,5578,0.1885980638,008C
117,9,ESCOBAR,UNIÓN CÍVICA RADICAL,310,4095,0.0757020757,0009
118,9,ESCOBAR,HACEMOS POR CORDOBA,1493,4095,0.3645909646,0009
119,9,ESCOBAR,CORDOBA CAMBIA,1447,4095,0.3533577534,0009
120,9A,LA FRANCE,UNIÓN CÍVICA RADICAL,311,3379,0.09203906481,009A
121,9A,LA FRANCE,HACEMOS POR CORDOBA,1460,3379,0.4320804972,009A
122,9A,LA FRANCE,CORDOBA CAMBIA,1026,3379,0.3036401302,009A
123,9B,LAS MARGARITAS,UNIÓN CÍVICA RADICAL,496,5454,0.09094242758,009B
124,9B,LAS MARGARITAS,HACEMOS POR CORDOBA,2199,5454,0.403190319,009B
125,9B,LAS MARGARITAS,CORDOBA CAMBIA,1755,5454,0.3217821782,009B
126,9C,LOS PARAISOS,UNIÓN CÍVICA RADICAL,930,9174,0.1013734467,009C
127,9C,LOS PARAISOS,HACEMOS POR CORDOBA,4779,9174,0.5209287116,009C
128,9C,LOS PARAISOS,CORDOBA CAMBIA,1954,9174,0.2129932418,009C
129,9D,POETA LUGONES,UNIÓN CÍVICA RADICAL,621,6843,0.0907496712,009D
130,9D,POETA LUGONES,HACEMOS POR CORDOBA,2767,6843,0.4043548151,009D
131,9D,POETA LUGONES,CORDOBA CAMBIA,2189,6843,0.3198889376,009D
132,9E,PROVIDENCIA,UNIÓN CÍVICA RADICAL,297,3340,0.08892215569,009E
133,9E,PROVIDENCIA,HACEMOS POR CORDOBA,1383,3340,0.4140718563,009E
134,9E,PROVIDENCIA,CORDOBA CAMBIA,954,3340,0.2856287425,009E
135,9F,SAN MARTIN,UNIÓN CÍVICA RADICAL,1013,9984,0.1014623397,009F
136,9F,SAN MARTIN,HACEMOS POR CORDOBA,4433,9984,0.4440104167,009F
137,9F,SAN MARTIN,CORDOBA CAMBIA,2585,9984,0.2589142628,009F
138,9G,VILLA CABRERA,UNIÓN CÍVICA RADICAL,318,4015,0.07920298879,009G
139,9G,VILLA CABRERA,HACEMOS POR CORDOBA,1579,4015,0.3932752179,009G
140,9G,VILLA CABRERA,CORDOBA CAMBIA,1255,4015,0.3125778331,009G
141,10,BELLA VISTA,UNIÓN CÍVICA RADICAL,1046,11405,0.09171416046,0010
142,10,BELLA VISTA,HACEMOS POR CORDOBA,5922,11405,0.5192459448,0010
143,10,BELLA VISTA,CORDOBA CAMBIA,2308,11405,0.2023673827,0010
144,10A,CABILDO,UNIÓN CÍVICA RADICAL,352,3693,0.09531546168,010A
145,10A,CABILDO,HACEMOS POR CORDOBA,2272,3693,0.61521798,010A
146,10A,CABILDO,CORDOBA CAMBIA,548,3693,0.1483888438,010A
147,10B,CIUDADELA,UNIÓN CÍVICA RADICAL,863,8590,0.1004656577,010B
148,10B,CIUDADELA,HACEMOS POR CORDOBA,3638,8590,0.4235157159,010B
149,10B,CIUDADELA,CORDOBA CAMBIA,2221,8590,0.258556461,010B
150,10C,COMERCIAL,UNIÓN CÍVICA RADICAL,431,4690,0.09189765458,010C
151,10C,COMERCIAL,HACEMOS POR CORDOBA,3155,4690,0.6727078891,010C
152,10C,COMERCIAL,CORDOBA CAMBIA,548,4690,0.1168443497,010C
153,10D,CONGRESO,UNIÓN CÍVICA RADICAL,391,2518,0.1552819698,010D
154,10D,CONGRESO,HACEMOS POR CORDOBA,1471,2518,0.5841938046,010D
155,10D,CONGRESO,CORDOBA CAMBIA,321,2518,0.1274821287,010D
156,10E,ESTACION FLORES,UNIÓN CÍVICA RADICAL,850,8796,0.09663483402,010E
157,10E,ESTACION FLORES,HACEMOS POR CORDOBA,5396,8796,0.6134606639,010E
158,10E,ESTACION FLORES,CORDOBA CAMBIA,1237,8796,0.1406321055,010E
159,10F,MATIENZO,UNIÓN CÍVICA RADICAL,788,9215,0.08551275095,010F
160,10F,MATIENZO,HACEMOS POR CORDOBA,4690,9215,0.5089527944,010F
161,10F,MATIENZO,CORDOBA CAMBIA,1864,9215,0.2022788931,010F
162,10G,OBSERVATORIO,UNIÓN CÍVICA RADICAL,1264,13453,0.09395673827,010G
163,10G,OBSERVATORIO,HACEMOS POR CORDOBA,5967,13453,0.4435441909,010G
164,10G,OBSERVATORIO,CORDOBA CAMBIA,3075,13453,0.2285735524,010G
165,10H,PARQUE CAPITAL,UNIÓN CÍVICA RADICAL,809,8984,0.09004897596,010H
166,10H,PARQUE CAPITAL,HACEMOS POR CORDOBA,3966,8984,0.4414514693,010H
167,10H,PARQUE CAPITAL,CORDOBA CAMBIA,694,8984,0.07724844167,010H
168,10I,PARQUE HORIZONTE,UNIÓN CÍVICA RADICAL,699,7905,0.08842504744,010I
169,10I,PARQUE HORIZONTE,HACEMOS POR CORDOBA,3808,7905,0.4817204301,010I
170,10I,PARQUE HORIZONTE,CORDOBA CAMBIA,1751,7905,0.2215053763,010I
171,10J,SANTA ISABEL,UNIÓN CÍVICA RADICAL,861,8559,0.100595864,010J
172,10J,SANTA ISABEL,HACEMOS POR CORDOBA,4838,8559,0.5652529501,010J
173,10J,SANTA ISABEL,CORDOBA CAMBIA,1521,8559,0.1777076761,010J
174,10K,VICOR,UNIÓN CÍVICA RADICAL,459,3977,0.1154136284,010K
175,10K,VICOR,HACEMOS POR CORDOBA,2318,3977,0.5828513955,010K
176,10K,VICOR,CORDOBA CAMBIA,604,3977,0.1518732713,010K
177,10L,VILLA EL LIBERTADOR,UNIÓN CÍVICA RADICAL,1348,16806,0.08020944901,010L
178,10L,VILLA EL LIBERTADOR,HACEMOS POR CORDOBA,11019,16806,0.6556586933,010L
179,10L,VILLA EL LIBERTADOR,CORDOBA CAMBIA,2284,16806,0.1359038439,010L
180,10M,AMPLIACION CABILDO,UNIÓN CÍVICA RADICAL,80,1188,0.06734006734,010M
181,10M,AMPLIACION CABILDO,HACEMOS POR CORDOBA,860,1188,0.7239057239,010M
182,10M,AMPLIACION CABILDO,CORDOBA CAMBIA,99,1188,0.08333333333,010M
183,11,AERONAUTICO,UNIÓN CÍVICA RADICAL,174,3032,0.0573878628,0011
184,11,AERONAUTICO,HACEMOS POR CORDOBA,2156,3032,0.7110817942,0011
185,11,AERONAUTICO,CORDOBA CAMBIA,381,3032,0.1256596306,0011
186,11A,ALTO ALBERDI,UNIÓN CÍVICA RADICAL,1415,14959,0.09459188448,011A
187,11A,ALTO ALBERDI,HACEMOS POR CORDOBA,7112,14959,0.4754328498,011A
188,11A,ALTO ALBERDI,CORDOBA CAMBIA,3536,14959,0.2363794371,011A
189,11B,DON BOSCO,UNIÓN CÍVICA RADICAL,411,4801,0.08560716517,011B
190,11B,DON BOSCO,HACEMOS POR CORDOBA,2417,4801,0.503436784,011B
191,11B,DON BOSCO,CORDOBA CAMBIA,1138,4801,0.2370339513,011B
192,11C,LAS PALMAS,UNIÓN CÍVICA RADICAL,870,9992,0.08706965572,011C
193,11C,LAS PALMAS,HACEMOS POR CORDOBA,4884,9992,0.4887910328,011C
194,11C,LAS PALMAS,CORDOBA CAMBIA,2471,9992,0.2472978383,011C
195,11D,LOS NARANJOS,UNIÓN CÍVICA RADICAL,836,8940,0.09351230425,011D
196,11D,LOS NARANJOS,HACEMOS POR CORDOBA,3848,8940,0.4304250559,011D
197,11D,LOS NARANJOS,CORDOBA CAMBIA,2403,8940,0.2687919463,011D
198,11E,LOS PLATANOS,UNIÓN CÍVICA RADICAL,958,10763,0.08900864071,011E
199,11E,LOS PLATANOS,HACEMOS POR CORDOBA,5819,10763,0.5406485181,011E
200,11E,LOS PLATANOS,CORDOBA CAMBIA,2239,10763,0.2080275016,011E
201,11F,LOS ROBLES,UNIÓN CÍVICA RADICAL,519,5893,0.08807059223,011F
202,11F,LOS ROBLES,HACEMOS POR CORDOBA,2890,5893,0.4904123536,011F
203,11F,LOS ROBLES,CORDOBA CAMBIA,1472,5893,0.2497878839,011F
204,11G,PARQUE REPUBLICA,UNIÓN CÍVICA RADICAL,781,9407,0.08302328054,011G
205,11G,PARQUE REPUBLICA,HACEMOS POR CORDOBA,5834,9407,0.6201764643,011G
206,11G,PARQUE REPUBLICA,CORDOBA CAMBIA,1634,9407,0.1737004358,011G
207,11H,QUEBRADA LAS ROSAS,UNIÓN CÍVICA RADICAL,437,4922,0.08878504673,011H
208,11H,QUEBRADA LAS ROSAS,HACEMOS POR CORDOBA,2150,4922,0.4368143031,011H
209,11H,QUEBRADA LAS ROSAS,CORDOBA CAMBIA,1427,4922,0.2899227956,011H
210,11I,RESIDENCIAL SAN ROQUE,UNIÓN CÍVICA RADICAL,692,9867,0.07013276578,011I
211,11I,RESIDENCIAL SAN ROQUE,HACEMOS POR CORDOBA,6872,9867,0.6964629573,011I
212,11I,RESIDENCIAL SAN ROQUE,CORDOBA CAMBIA,1194,9867,0.1210094254,011I
213,11J,SANTA ANA,UNIÓN CÍVICA RADICAL,1008,11859,0.08499873514,011J
214,11J,SANTA ANA,HACEMOS POR CORDOBA,5219,11859,0.4400876971,011J
215,11J,SANTA ANA,CORDOBA CAMBIA,3171,11859,0.2673918543,011J
216,11K,VILLA GRAL URQUIZA,UNIÓN CÍVICA RADICAL,750,7261,0.1032915576,011K
217,11K,VILLA GRAL URQUIZA,HACEMOS POR CORDOBA,4543,7261,0.6256713951,011K
218,11K,VILLA GRAL URQUIZA,CORDOBA CAMBIA,1065,7261,0.1466740118,011K
219,11L,COUNTRYS DEL OESTE,UNIÓN CÍVICA RADICAL,134,2147,0.06241266884,011L
220,11L,COUNTRYS DEL OESTE,HACEMOS POR CORDOBA,632,2147,0.2943642292,011L
221,11L,COUNTRYS DEL OESTE,CORDOBA CAMBIA,1106,2147,0.515137401,011L
222,11M,VALLE ESCONDIDO,UNIÓN CÍVICA RADICAL,241,4250,0.05670588235,011M
223,11M,VALLE ESCONDIDO,HACEMOS POR CORDOBA,1816,4250,0.4272941176,011M
224,11M,VALLE ESCONDIDO,CORDOBA CAMBIA,1529,4250,0.3597647059,011M
225,12,AVELLANEDA,UNIÓN CÍVICA RADICAL,647,6186,0.104591012,0012
226,12,AVELLANEDA,HACEMOS POR CORDOBA,3569,6186,0.576947947,0012
227,12,AVELLANEDA,CORDOBA CAMBIA,1066,6186,0.1723246039,0012
228,12A,CARCANO,UNIÓN CÍVICA RADICAL,325,3924,0.08282364934,012A
229,12A,CARCANO,HACEMOS POR CORDOBA,2688,3924,0.6850152905,012A
230,12A,CARCANO,CORDOBA CAMBIA,455,3924,0.1159531091,012A
231,12B,COLON,UNIÓN CÍVICA RADICAL,1522,14976,0.1016292735,012B
232,12B,COLON,HACEMOS POR CORDOBA,6807,14976,0.4545272436,012B
233,12B,COLON,CORDOBA CAMBIA,3838,14976,0.2562767094,012B
234,12C,CORONEL OLMEDO,UNIÓN CÍVICA RADICAL,315,3124,0.1008322663,012C
235,12C,CORONEL OLMEDO,HACEMOS POR CORDOBA,1971,3124,0.630921895,012C
236,12C,CORONEL OLMEDO,CORDOBA CAMBIA,428,3124,0.1370038412,012C
237,12D,JOSE IGNACIO DIAZ,UNIÓN CÍVICA RADICAL,1517,17537,0.0865028226,012D
238,12D,JOSE IGNACIO DIAZ,HACEMOS POR CORDOBA,10491,17537,0.5982209044,012D
239,12D,JOSE IGNACIO DIAZ,CORDOBA CAMBIA,2875,17537,0.1639391002,012D
240,12E,FERREYRA,UNIÓN CÍVICA RADICAL,318,3161,0.1006010756,012E
241,12E,FERREYRA,HACEMOS POR CORDOBA,2071,3161,0.6551724138,012E
242,12E,FERREYRA,CORDOBA CAMBIA,411,3161,0.1300221449,012E
243,12F,JOSE HERNANDEZ,UNIÓN CÍVICA RADICAL,1426,14127,0.1009414596,012F
244,12F,JOSE HERNANDEZ,HACEMOS POR CORDOBA,6721,14127,0.4757556452,012F
245,12F,JOSE HERNANDEZ,CORDOBA CAMBIA,3147,14127,0.2227649182,012F
246,12G,ITUZAINGO,UNIÓN CÍVICA RADICAL,813,7680,0.105859375,012G
247,12G,ITUZAINGO,HACEMOS POR CORDOBA,4453,7680,0.5798177083,012G
248,12G,ITUZAINGO,CORDOBA CAMBIA,1205,7680,0.1569010417,012G
249,12H,LOS CERVECEROS,UNIÓN CÍVICA RADICAL,751,8188,0.09171958964,012H
250,12H,LOS CERVECEROS,HACEMOS POR CORDOBA,4304,8188,0.5256472887,012H
251,12H,LOS CERVECEROS,CORDOBA CAMBIA,1786,8188,0.218124084,012H
252,12I,CIUDAD DE MIS SUEÑOS,UNIÓN CÍVICA RADICAL,141,1654,0.08524788392,012I
253,12I,CIUDAD DE MIS SUEÑOS,HACEMOS POR CORDOBA,1222,1654,0.738814994,012I
254,12I,CIUDAD DE MIS SUEÑOS,CORDOBA CAMBIA,137,1654,0.08282950423,012I
255,13,LEANDRO N. ALEM,UNIÓN CÍVICA RADICAL,614,6065,0.1012366035,0013
256,13,LEANDRO N. ALEM,HACEMOS POR CORDOBA,3227,6065,0.5320692498,0013
257,13,LEANDRO N. ALEM,CORDOBA CAMBIA,1293,6065,0.2131904369,0013
258,13A,AYACUCHO,UNIÓN CÍVICA RADICAL,1072,11447,0.093648991,013A
259,13A,AYACUCHO,HACEMOS POR CORDOBA,5815,11447,0.5079933607,013A
260,13A,AYACUCHO,CORDOBA CAMBIA,2660,11447,0.2323752948,013A
261,13B,EL GATEADO,UNIÓN CÍVICA RADICAL,6,80,0.075,013B
262,13B,EL GATEADO,HACEMOS POR CORDOBA,58,80,0.725,013B
263,13B,EL GATEADO,CORDOBA CAMBIA,7,80,0.0875,013B
264,13C,GENERAL BUSTOS,UNIÓN CÍVICA RADICAL,938,8704,0.1077665441,013C
265,13C,GENERAL BUSTOS,HACEMOS POR CORDOBA,4614,8704,0.5301011029,013C
266,13C,GENERAL BUSTOS,CORDOBA CAMBIA,1737,8704,0.1995634191,013C
267,13D,JARDIN ARENALES,UNIÓN CÍVICA RADICAL,191,1890,0.1010582011,013D
268,13D,JARDIN ARENALES,HACEMOS POR CORDOBA,1191,1890,0.6301587302,013D
269,13D,JARDIN ARENALES,CORDOBA CAMBIA,224,1890,0.1185185185,013D
270,13E,LA DOROTEA,UNIÓN CÍVICA RADICAL,72,801,0.08988764045,013E
271,13E,LA DOROTEA,HACEMOS POR CORDOBA,493,801,0.6154806492,013E
272,13E,LA DOROTEA,CORDOBA CAMBIA,123,801,0.1535580524,013E
273,13F,NUEVA ITALIA,UNIÓN CÍVICA RADICAL,669,5597,0.1195283187,013F
274,13F,NUEVA ITALIA,HACEMOS POR CORDOBA,2941,5597,0.5254600679,013F
275,13F,NUEVA ITALIA,CORDOBA CAMBIA,1075,5597,0.1920671788,013F
276,13G,PARQUE LICEO,UNIÓN CÍVICA RADICAL,1101,12807,0.08596861092,013G
277,13G,PARQUE LICEO,HACEMOS POR CORDOBA,7903,12807,0.617084407,013G
278,13G,PARQUE LICEO,CORDOBA CAMBIA,2067,12807,0.1613961115,013G
279,13H,PATRICIOS,UNIÓN CÍVICA RADICAL,1202,11160,0.1077060932,013H
280,13H,PATRICIOS,HACEMOS POR CORDOBA,6418,11160,0.5750896057,013H
281,13H,PATRICIOS,CORDOBA CAMBIA,1914,11160,0.1715053763,013H
282,13I,SAN JORGE,UNIÓN CÍVICA RADICAL,778,4110,0.1892944039,013I
283,13I,SAN JORGE,HACEMOS POR CORDOBA,2212,4110,0.5381995134,013I
284,13I,SAN JORGE,CORDOBA CAMBIA,564,4110,0.1372262774,013I
285,13J,VILLA AZALAIS,UNIÓN CÍVICA RADICAL,1840,20235,0.09093155424,013J
286,13J,VILLA AZALAIS,HACEMOS POR CORDOBA,11767,20235,0.5815171732,013J
287,13J,VILLA AZALAIS,CORDOBA CAMBIA,3527,20235,0.1743019521,013J
288,13K,VILLA ESQUIU,UNIÓN CÍVICA RADICAL,205,1574,0.1302414231,013K
289,13K,VILLA ESQUIU,HACEMOS POR CORDOBA,895,1574,0.5686149936,013K
290,13K,VILLA ESQUIU,CORDOBA CAMBIA,322,1574,0.2045743329,013K
291,13L,VILLA GRAN PARQUE,UNIÓN CÍVICA RADICAL,42,316,0.1329113924,013L
292,13L,VILLA GRAN PARQUE,HACEMOS POR CORDOBA,184,316,0.582278481,013L
293,13L,VILLA GRAN PARQUE,CORDOBA CAMBIA,47,316,0.1487341772,013L
294,13M,CAMINO A COLONIA TIROLESA,UNIÓN CÍVICA RADICAL,31,289,0.107266436,013M
295,13M,CAMINO A COLONIA TIROLESA,HACEMOS POR CORDOBA,154,289,0.5328719723,013M
296,13M,CAMINO A COLONIA TIROLESA,CORDOBA CAMBIA,59,289,0.2041522491,013M
297,13N,YOFRE,UNIÓN CÍVICA RADICAL,679,5018,0.1353128737,013N
298,13N,YOFRE,HACEMOS POR CORDOBA,2578,5018,0.5137504982,013N
299,13N,YOFRE,CORDOBA CAMBIA,1025,5018,0.2042646473,013N
300,13O,CHACHAPOYAS,UNIÓN CÍVICA RADICAL,44,919,0.0478781284,013O
301,13O,CHACHAPOYAS,HACEMOS POR CORDOBA,735,919,0.7997823721,013O
302,13O,CHACHAPOYAS,CORDOBA CAMBIA,33,919,0.0359085963,013O
303,14,ARGUELLO,CORDOBA CAMBIA,1957,5271,0.3712767976,0014
304,14,ARGUELLO,UNIÓN CÍVICA RADICAL,412,5271,0.07816353633,0014
305,14,ARGUELLO,HACEMOS POR CORDOBA,1751,5271,0.3321950294,0014
306,14A,ARGUELLO NORTE,CORDOBA CAMBIA,1413,11408,0.1238604488,014A
307,14A,ARGUELLO NORTE,UNIÓN CÍVICA RADICAL,860,11408,0.07538569425,014A
308,14A,ARGUELLO NORTE,HACEMOS POR CORDOBA,7797,11408,0.6834677419,014A
309,14B,ARGUELLO PRIMERO,CORDOBA CAMBIA,1396,5093,0.2741017082,014B
310,14B,ARGUELLO PRIMERO,UNIÓN CÍVICA RADICAL,467,5093,0.09169448262,014B
311,14B,ARGUELLO PRIMERO,HACEMOS POR CORDOBA,2215,5093,0.4349106617,014B
312,14C,ARGUELLO SEGUNDO,CORDOBA CAMBIA,1066,3708,0.2874865156,014C
313,14C,ARGUELLO SEGUNDO,UNIÓN CÍVICA RADICAL,358,3708,0.09654800431,014C
314,14C,ARGUELLO SEGUNDO,HACEMOS POR CORDOBA,1500,3708,0.4045307443,014C
315,14D,CERRO DE LAS ROSAS,CORDOBA CAMBIA,1991,4504,0.4420515098,014D
316,14D,CERRO DE LAS ROSAS,UNIÓN CÍVICA RADICAL,279,4504,0.06194493783,014D
317,14D,CERRO DE LAS ROSAS,HACEMOS POR CORDOBA,1335,4504,0.2964031972,014D
318,14E,CERRO NORTE,CORDOBA CAMBIA,858,4599,0.1865622962,014E
319,14E,CERRO NORTE,UNIÓN CÍVICA RADICAL,502,4599,0.1091541639,014E
320,14E,CERRO NORTE,HACEMOS POR CORDOBA,2436,4599,0.5296803653,014E
321,14F,GRANJA DE LOS FUNES,CORDOBA CAMBIA,1256,4632,0.2711571675,014F
322,14F,GRANJA DE LOS FUNES,UNIÓN CÍVICA RADICAL,383,4632,0.08268566494,014F
323,14F,GRANJA DE LOS FUNES,HACEMOS POR CORDOBA,2112,4632,0.4559585492,014F
324,14G,LOS BOULEVARES,CORDOBA CAMBIA,1247,6437,0.1937237844,014G
325,14G,LOS BOULEVARES,UNIÓN CÍVICA RADICAL,579,6437,0.08994873388,014G
326,14G,LOS BOULEVARES,HACEMOS POR CORDOBA,3686,6437,0.5726270002,014G
327,14H,MERCANTIL,CORDOBA CAMBIA,507,3402,0.1490299824,014H
328,14H,MERCANTIL,UNIÓN CÍVICA RADICAL,254,3402,0.07466196355,014H
329,14H,MERCANTIL,HACEMOS POR CORDOBA,2130,3402,0.6261022928,014H
330,14I,SANTA CECILIA,CORDOBA CAMBIA,1246,4169,0.2988726313,014I
331,14I,SANTA CECILIA,UNIÓN CÍVICA RADICAL,326,4169,0.07819621012,014I
332,14I,SANTA CECILIA,HACEMOS POR CORDOBA,1827,4169,0.4382345886,014I
333,14J,URCA,CORDOBA CAMBIA,2216,5829,0.3801681249,014J
334,14J,URCA,UNIÓN CÍVICA RADICAL,390,5829,0.06690684508,014J
335,14J,URCA,HACEMOS POR CORDOBA,2092,5829,0.3588951793,014J
336,14K,VILLA ALLENDE PARQUE,CORDOBA CAMBIA,448,2492,0.1797752809,014K
337,14K,VILLA ALLENDE PARQUE,UNIÓN CÍVICA RADICAL,350,2492,0.1404494382,014K
338,14K,VILLA ALLENDE PARQUE,HACEMOS POR CORDOBA,1287,2492,0.5164526485,014K
339,14L,VILLA BELGRANO,CORDOBA CAMBIA,1481,3667,0.4038723752,014L
340,14L,VILLA BELGRANO,UNIÓN CÍVICA RADICAL,240,3667,0.06544859558,014L
341,14L,VILLA BELGRANO,HACEMOS POR CORDOBA,1273,3667,0.3471502591,014L
342,14M,VILLA CENTENARIO,CORDOBA CAMBIA,2511,6620,0.379305136,014M
343,14M,VILLA CENTENARIO,UNIÓN CÍVICA RADICAL,491,6620,0.07416918429,014M
344,14M,VILLA CENTENARIO,HACEMOS POR CORDOBA,2306,6620,0.3483383686,014M
345,14N,VILLA CORNU,CORDOBA CAMBIA,484,3086,0.1568373299,014N
346,14N,VILLA CORNU,UNIÓN CÍVICA RADICAL,287,3086,0.09300064809,014N
347,14N,VILLA CORNU,HACEMOS POR CORDOBA,1882,3086,0.6098509397,014N
348,14O,VILLA 9 DE JULIO,CORDOBA CAMBIA,817,5062,0.1613986567,014O
349,14O,VILLA 9 DE JULIO,UNIÓN CÍVICA RADICAL,495,5062,0.0977874358,014O
350,14O,VILLA 9 DE JULIO,HACEMOS POR CORDOBA,2979,5062,0.5885025682,014O
351,14P,VILLA RIVERA INDARTE,CORDOBA CAMBIA,539,2526,0.2133808393,014P
352,14P,VILLA RIVERA INDARTE,UNIÓN CÍVICA RADICAL,197,2526,0.07798891528,014P
353,14P,VILLA RIVERA INDARTE,HACEMOS POR CORDOBA,1216,2526,0.4813935075,014P
354,14Q,VILLA WARCALDE,CORDOBA CAMBIA,357,956,0.3734309623,014Q
355,14Q,VILLA WARCALDE,UNIÓN CÍVICA RADICAL,52,956,0.05439330544,014Q
356,14Q,VILLA WARCALDE,HACEMOS POR CORDOBA,385,956,0.4027196653,014Q
